{
    "Data_20100413_02_036": {
        "id": "Data_20100413_02_036",
        "m": 2.2066817189316352,
        "b": -2110148.9473662446,
        "xo": 442.0649703581207,
        "yo": -1134.6522586969245,
        "x": 415.17078749186487,
        "y": -1075.3053570203533,
        "xmid": 428.6178789249928,
        "ymid": -1104.978807858639,
        "deltax": 26.894182866255868,
        "deltay": -59.34690167657123
    },
    "Data_20100413_03_002": {
        "id": "Data_20100413_03_002",
        "m": 2.213587898970258,
        "b": -2014728.150833121,
        "xo": 414.7946309833009,
        "yo": -1096.5437751306524,
        "x": 435.7317683705413,
        "y": -1142.8899690901255,
        "xmid": 425.26319967692115,
        "ymid": -1119.716872110389,
        "deltax": -20.937137387240423,
        "deltay": 46.34619395947317
    },
    "Data_20100525_05_007": {
        "id": "Data_20100525_05_007",
        "m": 0.3941459693969133,
        "b": -1294041.5757758322,
        "xo": 446.3544256309965,
        "yo": -1118.1127779909007,
        "x": 399.04170383933877,
        "y": -1136.76089658628,
        "xmid": 422.69806473516763,
        "ymid": -1127.4368372885904,
        "deltax": 47.31272179165774,
        "deltay": 18.648118595379405
    },
    "Data_20100525_06_001": {
        "id": "Data_20100525_06_001",
        "m": 0.3927645405092972,
        "b": -1285570.0674588596,
        "xo": 391.84391436497543,
        "yo": -1131.6676724819356,
        "x": 437.65024318191473,
        "y": -1113.6765707917327,
        "xmid": 414.7470787734451,
        "ymid": -1122.6721216368342,
        "deltax": -45.80632881693932,
        "deltay": -17.991101690202953
    },
    "Data_20100525_06_006": {
        "id": "Data_20100525_06_006",
        "m": 0.3929122038286008,
        "b": -1277856.2748256705,
        "xo": 465.948461933351,
        "yo": -1094.7794377768905,
        "x": 418.3510072677004,
        "y": -1113.4810585862033,
        "xmid": 442.1497346005257,
        "ymid": -1104.1302481815471,
        "deltax": 47.59745466565055,
        "deltay": 18.701620809312676
    }
}