{
    "Data_20120510_01_016": {
        "id": "Data_20120510_01_016",
        "m": 0.3617257559079393,
        "b": -1099094.2283423939,
        "xo": -443.2073845906142,
        "yo": -1259.4137545574144,
        "x": -479.0855857507964,
        "y": -1246.4356851221305,
        "xmid": -461.14648517070526,
        "ymid": -1252.9247198397725,
        "deltax": 35.878201160182186,
        "deltay": -12.978069435284008
    },
    "Data_20120510_01_017": {
        "id": "Data_20120510_01_017",
        "m": 0.40022408814763527,
        "b": -1056057.7465915014,
        "xo": -477.30150635045044,
        "yo": -1247.085306742103,
        "x": -509.04742019415926,
        "y": -1234.3798273215914,
        "xmid": -493.1744632723049,
        "ymid": -1240.7325670318473,
        "deltax": 31.745913843708813,
        "deltay": -12.70547942051175
    },
    "Data_20120510_01_018": {
        "id": "Data_20120510_01_018",
        "m": 0.43416669621815784,
        "b": -1014868.5114219445,
        "xo": -507.3132803406939,
        "yo": -1235.1270422950597,
        "x": -526.4384294746338,
        "y": -1226.8235394808974,
        "xmid": -516.8758549076639,
        "ymid": -1230.9752908879784,
        "deltax": 19.125149133939995,
        "deltay": -8.30350281416229
    },
    "Data_20120510_01_021": {
        "id": "Data_20120510_01_021",
        "m": 1.0159934450642412,
        "b": -621856.4671368321,
        "xo": -556.2653796497084,
        "yo": -1187.0184465771074,
        "x": -567.9132811000276,
        "y": -1175.1842550548288,
        "xmid": -562.089330374868,
        "ymid": -1181.101350815968,
        "deltax": 11.647901450319216,
        "deltay": -11.83419152227859
    },
    "Data_20120510_01_022": {
        "id": "Data_20120510_01_022",
        "m": 1.0182338400599213,
        "b": -599613.155491162,
        "xo": -566.5886091096324,
        "yo": -1176.5328506790727,
        "x": -583.3359620655918,
        "y": -1159.4801291678873,
        "xmid": -574.9622855876121,
        "ymid": -1168.0064899234799,
        "deltax": 16.74735295595939,
        "deltay": -17.052721511185403
    },
    "Data_20120510_01_029": {
        "id": "Data_20120510_01_029",
        "m": 0.9837792248390885,
        "b": -633856.1193645122,
        "xo": -554.3739289016839,
        "yo": -1179.2376734104107,
        "x": -526.3899902928811,
        "y": -1151.707655977898,
        "xmid": -540.3819595972825,
        "ymid": -1165.4726646941544,
        "deltax": -27.983938608802855,
        "deltay": -27.530017432512714
    },
    "Data_20120510_01_032": {
        "id": "Data_20120510_01_032",
        "m": 1.0135404064713245,
        "b": -641638.1021755679,
        "xo": -517.7781463123091,
        "yo": -1166.4271750509145,
        "x": -541.6049606057893,
        "y": -1190.5766140948454,
        "xmid": -529.6915534590491,
        "ymid": -1178.5018945728798,
        "deltax": 23.826814293480247,
        "deltay": 24.14943904393073
    },
    "Data_20120510_01_035": {
        "id": "Data_20120510_01_035",
        "m": 1.042957840723821,
        "b": -650522.3761632403,
        "xo": -527.8341101412932,
        "yo": -1201.031099936583,
        "x": -505.7383473990495,
        "y": -1177.9861509377865,
        "xmid": -516.7862287701713,
        "ymid": -1189.5086254371847,
        "deltax": -22.09576274224365,
        "deltay": -23.044948998796286
    },
    "Data_20120510_01_043": {
        "id": "Data_20120510_01_043",
        "m": 1.088658746382647,
        "b": -668774.9441740353,
        "xo": -506.8841413237307,
        "yo": -1220.5987980287725,
        "x": -482.2981043804407,
        "y": -1193.8329938715729,
        "xmid": -494.5911228520857,
        "ymid": -1207.2158959501726,
        "deltax": -24.586036943290033,
        "deltay": -26.76580415719957
    },
    "Data_20120510_01_044": {
        "id": "Data_20120510_01_044",
        "m": 1.092010765920619,
        "b": -667146.1284524946,
        "xo": -483.5941862594328,
        "yo": -1195.2361861844163,
        "x": -459.3390161461998,
        "y": -1168.74927929153,
        "xmid": -471.4666012028163,
        "ymid": -1181.992732737973,
        "deltax": -24.255170113232918,
        "deltay": -26.486906892886385
    },
    "Data_20120510_01_061": {
        "id": "Data_20120510_01_061",
        "m": 520.2245345350625,
        "b": 235111581.81605887,
        "xo": -454.3442710479817,
        "yo": -1249.4551085496823,
        "x": -454.2689628400332,
        "y": -1210.2779311230254,
        "xmid": -454.3066169440075,
        "ymid": -1229.866519836354,
        "deltax": -0.07530820794845931,
        "deltay": -39.17717742665694
    },
    "Data_20120510_01_062": {
        "id": "Data_20120510_01_062",
        "m": 360.8594734951254,
        "b": 162719424.28909987,
        "xo": -454.2810227332439,
        "yo": -1212.1863932456044,
        "x": -454.17774559597456,
        "y": -1174.9178598665123,
        "xmid": -454.22938416460926,
        "ymid": -1193.5521265560585,
        "deltax": -0.10327713726932415,
        "deltay": -37.26853337909211
    },
    "Data_20120510_01_070": {
        "id": "Data_20120510_01_070",
        "m": 33.68747508845001,
        "b": 15234793.679888016,
        "xo": -489.58051582487985,
        "yo": -1257.9377507531283,
        "x": -488.23567427675476,
        "y": -1212.6334346027518,
        "xmid": -488.90809505081734,
        "ymid": -1235.2855926779403,
        "deltax": -1.344841548125085,
        "deltay": -45.30431615037634
    },
    "Data_20120510_01_071": {
        "id": "Data_20120510_01_071",
        "m": 35.132456865131914,
        "b": 15939065.041828545,
        "xo": -488.2553141539344,
        "yo": -1214.543721855988,
        "x": -487.3026401342909,
        "y": -1181.0739429543305,
        "xmid": -487.7789771441127,
        "ymid": -1197.8088324051591,
        "deltax": -0.9526740196435131,
        "deltay": -33.469778901657556
    },
    "Data_20120510_01_077": {
        "id": "Data_20120510_01_077",
        "m": 14.731732807428402,
        "b": 6656786.772889876,
        "xo": -532.9659671797548,
        "yo": -1194.7254510549262,
        "x": -530.7527549452022,
        "y": -1162.1209997693675,
        "xmid": -531.8593610624785,
        "ymid": -1178.4232254121468,
        "deltax": -2.213212234552484,
        "deltay": -32.60445128555875
    },
    "Data_20130420_02_018": {
        "id": "Data_20130420_02_018",
        "m": 1.1238775270064367,
        "b": -677116.4662446368,
        "xo": -428.93669385211814,
        "yo": -1159.1887769734724,
        "x": -461.46694765191114,
        "y": -1195.7487981668755,
        "xmid": -445.2018207520146,
        "ymid": -1177.4687875701738,
        "deltax": 32.53025379979296,
        "deltay": 36.56002119340305
    },
    "Data_20130420_02_019": {
        "id": "Data_20130420_02_019",
        "m": 1.1211941107781969,
        "b": -678354.9034815,
        "xo": -461.48979924201785,
        "yo": -1195.7745485758628,
        "x": -494.08595007371815,
        "y": -1232.321160922403,
        "xmid": -477.787874657868,
        "ymid": -1214.047854749133,
        "deltax": 32.5961508317003,
        "deltay": 36.54661234654021
    },
    "Data_20140512_01_043": {
        "id": "Data_20140512_01_043",
        "m": 0.9568592315230835,
        "b": -625218.5423359452,
        "xo": -577.0728602597183,
        "yo": -1177.3960359368868,
        "x": -541.7288807111149,
        "y": -1143.5768228270429,
        "xmid": -559.4008704854166,
        "ymid": -1160.4864293819646,
        "deltax": -35.34397954860329,
        "deltay": -33.81921310984413
    },
    "Data_20140512_01_050": {
        "id": "Data_20140512_01_050",
        "m": 14.697145627774562,
        "b": 6883307.179276971,
        "xo": -546.9748416935296,
        "yo": -1155.6617238217711,
        "x": -550.295344465148,
        "y": -1204.4636366136745,
        "xmid": -548.6350930793387,
        "ymid": -1180.0626802177228,